{
  "image_indices": [
    1,
    2,
    3,
    4,
    5,
    6,
    7,
    8,
    9,
    10,
    11,
    12,
    13,
    14,
    15,
    16,
    17,
    18,
    19,
    20,
    21,
    22,
    23,
    24,
    25,
    26,
    27,
    28,
    29,
    30,
    31,
    32,
    33,
    34,
    35,
    36,
    37,
    38,
    39,
    40,
    41,
    42,
    43,
    44,
    45,
    46,
    47,
    48,
    49,
    50,
    51,
    52,
    53,
    54,
    55,
    56,
    57,
    58,
    59,
    60,
    61,
    62,
    63,
    64,
    65,
    66,
    67,
    68,
    69,
    70,
    71,
    72,
    73,
    74,
    75,
    76,
    77,
    78,
    79,
    80,
    81,
    82,
    83,
    84,
    85,
    86,
    87,
    88,
    89
  ],
  "iou_scores": [
    0.6909090909090909,
    0.17489986648865152,
    0.3566265060240964,
    0.37320574162679426,
    0.3665594855305466,
    0.3017942248388001,
    0.3575268817204301,
    0.4195804195804196,
    0.4475230898404702,
    0.45254745254745254,
    0.3841166936790924,
    0.43686006825938567,
    0.5137186223000584,
    0.24283935242839352,
    0.3325242718446602,
    0.274206672091131,
    0.35195530726256985,
    0.12727272727272726,
    0.19517241379310346,
    0.13141025641025642,
    0.21205098493626884,
    0.1572361262241567,
    0.2564102564102564,
    0.3611532625189681,
    0.21508379888268156,
    0.18795620437956204,
    0.18988902589395806,
    0.2792511700468019,
    0.39690721649484534,
    0.26666666666666666,
    0.436241610738255,
    0.33900709219858155,
    0.36904761904761907,
    0.27385892116182575,
    0.2361963190184049,
    0.013944223107569721,
    0.45304777594728174,
    0.38471940500338064,
    0.3857677902621723,
    0.33022822543083374,
    0.25445544554455446,
    0.28820960698689957,
    0.2549715909090909,
    0.3185419968304279,
    0.304282494365139,
    0.20460959548447788,
    0.2564102564102564,
    0.2994011976047904,
    0.2716407098877218,
    0.4396192742415229,
    0.2886768975528826,
    0.3559510567296997,
    0.3333333333333333,
    0.0,
    0.2748267898383372,
    0.2698412698412698,
    0.41215323645970936,
    0.0,
    0.0,
    0.11307420494699646,
    0.09937888198757763,
    0.04945904173106646,
    0.27108705457825893,
    0.2748091603053435,
    0.32536333802156586,
    0.28245555182824555,
    0.2679900744416873,
    0.5,
    0.200711743772242,
    0.12708018154311648,
    0.44216216216216214,
    0.24945770065075923,
    0.28900523560209423,
    0.18461538461538463,
    0.15428571428571428,
    0.1403225806451613,
    0.39638318670576733,
    0.3286384976525822,
    0.34615384615384615,
    0.14535768645357686,
    0.31794425087108014,
    0.1037463976945245,
    0.2794307891332471,
    0.4366883116883117,
    0.26246719160104987,
    0.2846309403437816,
    0.38492706645056723,
    0.11238532110091744,
    0.30873087308730873
  ],
  "dice_scores": [
    0.8172043010752689,
    0.29772727272727273,
    0.5257548845470693,
    0.5435540069686411,
    0.5364705882352941,
    0.46365887800150746,
    0.5267326732673268,
    0.5911330049261084,
    0.6183294663573086,
    0.6231086657496562,
    0.5550351288056206,
    0.6080760095011877,
    0.6787504820671038,
    0.3907815631262525,
    0.4990892531876138,
    0.43039591315453385,
    0.5206611570247934,
    0.22580645161290322,
    0.32660126947489904,
    0.23229461756373937,
    0.34990439770554493,
    0.27174424071462155,
    0.40816326530612246,
    0.5306577480490524,
    0.35402298850574715,
    0.31643625192012287,
    0.31917098445595854,
    0.43658536585365854,
    0.5682656826568265,
    0.42105263157894735,
    0.6074766355140186,
    0.5063559322033898,
    0.5391304347826087,
    0.42996742671009774,
    0.38213399503722084,
    0.0275049115913556,
    0.6235827664399093,
    0.5556640625,
    0.5567567567567567,
    0.4964985994397759,
    0.40568271507498027,
    0.44745762711864406,
    0.40633842671194115,
    0.4831730769230769,
    0.4665898617511521,
    0.33971105037094884,
    0.40816326530612246,
    0.4608294930875576,
    0.4272287097692965,
    0.6107438016528925,
    0.4480205986482137,
    0.5250205086136177,
    0.5,
    0.0,
    0.4311594202898551,
    0.425,
    0.5837231057062675,
    0.0,
    0.0,
    0.20317460317460317,
    0.1807909604519774,
    0.09425625920471281,
    0.42654364797728883,
    0.4311377245508982,
    0.4909798372833392,
    0.4404917603975935,
    0.4227005870841487,
    0.6666666666666666,
    0.33432128037937164,
    0.22550335570469798,
    0.6131934032983508,
    0.3993055555555556,
    0.44841592201462227,
    0.3116883116883117,
    0.26732673267326734,
    0.24611032531824611,
    0.567728386419321,
    0.49469964664310956,
    0.5142857142857142,
    0.2538205980066445,
    0.48248512888301387,
    0.18798955613577023,
    0.4368048533872599,
    0.607909604519774,
    0.4158004158004158,
    0.44313262495080674,
    0.5558806319485079,
    0.2020618556701031,
    0.4718019257221458
  ],
  "pixel_accuracies": [
    0.9976654052734375,
    0.990570068359375,
    0.9959259033203125,
    0.9980010986328125,
    0.9969940185546875,
    0.9239959716796875,
    0.9963531494140625,
    0.9708709716796875,
    0.97991943359375,
    0.9832763671875,
    0.99420166015625,
    0.9974822998046875,
    0.974578857421875,
    0.99072265625,
    0.9958038330078125,
    0.98638916015625,
    0.992919921875,
    0.986083984375,
    0.9821929931640625,
    0.98345947265625,
    0.9896240234375,
    0.9763641357421875,
    0.9977874755859375,
    0.987152099609375,
    0.9957122802734375,
    0.9932098388671875,
    0.9899749755859375,
    0.992950439453125,
    0.989288330078125,
    0.997650146484375,
    0.9974365234375,
    0.992889404296875,
    0.99676513671875,
    0.9973297119140625,
    0.992401123046875,
    0.984893798828125,
    0.99493408203125,
    0.986114501953125,
    0.98748779296875,
    0.978057861328125,
    0.9885101318359375,
    0.99005126953125,
    0.9839935302734375,
    0.9737548828125,
    0.985870361328125,
    0.9741973876953125,
    0.98583984375,
    0.9910736083984375,
    0.9693145751953125,
    0.97125244140625,
    0.9738311767578125,
    0.9911651611328125,
    0.986846923828125,
    0.987213134765625,
    0.99041748046875,
    0.988067626953125,
    0.9932098388671875,
    0.9959869384765625,
    0.999481201171875,
    0.9885101318359375,
    0.9889373779296875,
    0.9906158447265625,
    0.975341796875,
    0.9869537353515625,
    0.9780426025390625,
    0.9673614501953125,
    0.990997314453125,
    0.9847412109375,
    0.9143218994140625,
    0.9911956787109375,
    0.9842529296875,
    0.98944091796875,
    0.9896392822265625,
    0.978973388671875,
    0.99774169921875,
    0.9918670654296875,
    0.9811553955078125,
    0.9978179931640625,
    0.98651123046875,
    0.9828643798828125,
    0.9880523681640625,
    0.9952545166015625,
    0.983001708984375,
    0.9947052001953125,
    0.9957122802734375,
    0.9784088134765625,
    0.976837158203125,
    0.9940948486328125,
    0.98828125
  ]
}