{
  "train_loss": [
    0.7260558108488718,
    0.5483653429481719,
    0.4518706649541855,
    0.40347552796204883,
    0.36779781844880843,
    0.3364551266034444,
    0.3091377466917038,
    0.2846976998779509,
    0.2631108479367362,
    0.2442698528369268,
    0.22759160896142325,
    0.21177411079406738,
    0.1977736676732699,
    0.18558244407176971,
    0.1739588404695193,
    0.16297204378578398,
    0.15260917610592312,
    0.14351221919059753,
    0.13448043250375324,
    0.12619108541144264,
    0.11878326949146059,
    0.11226273162497415,
    0.10620732481280963,
    0.09999611352880795,
    0.09490165652500258,
    0.08971980131334728,
    0.08562552018298043,
    0.08090782662232716,
    0.07693134993314743,
    0.07360458994905154,
    0.07039192815621693,
    0.06690432234770721,
    0.0640436199804147,
    0.06058863653904862,
    0.058045798912644386,
    0.05544029672940572,
    0.05296513293352392,
    0.05090183888872465,
    0.04903369976414575,
    0.04676468877328767,
    0.04511901115377744,
    0.04405057430267334,
    0.04223174684577518,
    0.04104425013065338,
    0.03934996057715681,
    0.03823722940352228,
    0.03700867771274514,
    0.035567069012257785,
    0.03452748939808872,
    0.033269510914882026,
    0.03212019449306859,
    0.030956478892929025,
    0.03001812845468521,
    0.02949691294795937,
    0.029173257139821846,
    0.027994400097264185,
    0.02719551407628589,
    0.026509719176424876,
    0.02581036939389176,
    0.025234591629770067,
    0.024540175787276693,
    0.024127794843580987,
    0.02341666455484099,
    0.02278965525329113,
    0.022270115609798167,
    0.02188940956774685,
    0.021452688301603,
    0.021003293804824352,
    0.020677098176545568,
    0.020130893732938502,
    0.019888493853310745,
    0.019679371681478288,
    0.019241442386474874,
    0.019021623250510957,
    0.01862474572327402
  ],
  "val_loss": [
    0.5916897833347321,
    0.4915913939476013,
    0.4251695930957794,
    0.3810840010643005,
    0.3425475716590881,
    0.3178342401981354,
    0.29145871102809906,
    0.27102803289890287,
    0.2533418029546738,
    0.23596206307411194,
    0.22112150192260743,
    0.20786072611808776,
    0.19357310831546784,
    0.18552803695201875,
    0.1698409229516983,
    0.16394977569580077,
    0.1521022140979767,
    0.14306528270244598,
    0.13832938373088838,
    0.13015364557504655,
    0.12118417024612427,
    0.11754360944032669,
    0.11038961857557297,
    0.10886653810739517,
    0.10260687619447709,
    0.09796148091554642,
    0.0945654034614563,
    0.0922956794500351,
    0.08881306648254395,
    0.08800172805786133,
    0.08478252291679382,
    0.08400776833295823,
    0.08161978870630264,
    0.07970060557126998,
    0.07760136425495148,
    0.07675980180501937,
    0.0746748261153698,
    0.0743771694600582,
    0.07388022840023041,
    0.07256921604275704,
    0.07119853720068932,
    0.0708209328353405,
    0.07042913064360619,
    0.06835462227463722,
    0.06794480085372925,
    0.06748312637209893,
    0.06710859537124633,
    0.06968654543161393,
    0.06633287593722344,
    0.06595573425292969,
    0.06554435193538666,
    0.06556076779961587,
    0.06555145680904388,
    0.06529918760061264,
    0.06584578678011895,
    0.06455825343728065,
    0.06444563716650009,
    0.06464732438325882,
    0.06467740833759308,
    0.0643345519900322,
    0.06407098993659019,
    0.06437777876853942,
    0.06461439579725266,
    0.06420288532972336,
    0.06381586641073227,
    0.06414308771491051,
    0.06391366049647332,
    0.06472447067499161,
    0.06414285451173782,
    0.06403891667723656,
    0.06400900706648827,
    0.06416294053196907,
    0.06430945098400116,
    0.06420999467372894,
    0.06394768729805947
  ],
  "miou": [
    0.37740749947070723,
    0.48485280252095714,
    0.4901735005893437,
    0.4943112985107614,
    0.5060365940178614,
    0.523106211816115,
    0.5319042396827325,
    0.5465675675626797,
    0.5687529809575522,
    0.5777460755147374,
    0.5960102087119985,
    0.5957608531648642,
    0.6088195384301501,
    0.6233898134824024,
    0.621246761172304,
    0.6293646070816348,
    0.6340432062148607,
    0.6286094348295374,
    0.6419527621842038,
    0.6398210619375597,
    0.6379618775916056,
    0.6387609295379916,
    0.6402121977083917,
    0.6417259184443745,
    0.6433362388323058,
    0.6456186788736906,
    0.6435974724996656,
    0.6436806452155386,
    0.6446927491894054,
    0.6453954601517982,
    0.6447047181484404,
    0.6388607643400419,
    0.641194407942984,
    0.6428842484111017,
    0.6405032999130047,
    0.6428876934506887,
    0.642375426190046,
    0.6413817100381519,
    0.640800119625226,
    0.6392777213052537,
    0.6425916092664476,
    0.6425115074414568,
    0.639916869259198,
    0.6472373385178632,
    0.6452086172592503,
    0.6438334000373315,
    0.6453507091572753,
    0.6360026613389569,
    0.6439834834215938,
    0.6451322342079111,
    0.6446999607033679,
    0.6420538899783016,
    0.6430172433366346,
    0.6429308105680926,
    0.6404248965755022,
    0.6427713079445092,
    0.6422401340313179,
    0.6408209747867782,
    0.6408967724774117,
    0.6426751461932995,
    0.6421001236325858,
    0.6418008806818188,
    0.6405325338634833,
    0.6398914744113079,
    0.6438286711528268,
    0.641727694254007,
    0.6424280106874763,
    0.6397474219490187,
    0.6419058702520712,
    0.6428040608362275,
    0.6432694641896408,
    0.6412328366028069,
    0.6408931105292046,
    0.6399824368927027,
    0.6431206890004701
  ],
  "epochs": [
    1,
    2,
    3,
    4,
    5,
    6,
    7,
    8,
    9,
    10,
    11,
    12,
    13,
    14,
    15,
    16,
    17,
    18,
    19,
    20,
    21,
    22,
    23,
    24,
    25,
    26,
    27,
    28,
    29,
    30,
    31,
    32,
    33,
    34,
    35,
    36,
    37,
    38,
    39,
    40,
    41,
    42,
    43,
    44,
    45,
    46,
    47,
    48,
    49,
    50,
    51,
    52,
    53,
    54,
    55,
    56,
    57,
    58,
    59,
    60,
    61,
    62,
    63,
    64,
    65,
    66,
    67,
    68,
    69,
    70,
    71,
    72,
    73,
    74,
    75
  ]
}